HIOS/ Standard Component ID,SBC File Name
81334DC0020004,PB_DD_DC_G_FAM_PRF_16.pdf
81334DC0020006,PB_DD_DC_G_FAM_BSC_16.pdf
81334DC0040004,PB_DCU_DC_G_FAM_PRF_16 .pdf
81334DC0040006,PB_DCU_DC_G_FAM_BSC_16.pdf
96156DC0020004,PB_DEN_DC_G_FAM_PRF_16.pdf
96156DC0020006,PB_DEN_DC_G_FAM_BSC_16.pdf
92479DC0040004,Access PPO Basic (No Kids).pdf
92479DC0040005,Access PPO Premium.pdf
92479DC0030004,Select Plan Premium (SHOP).pdf
43849DC0080001,Filler for Missing SBCs.pdf
43849DC0090001,Filler for Missing SBCs.pdf
78079DC0330001,GHMSI_BlueDental Preferred - High Option_SHOP.pdf
78079DC0340001,GHMSI_BlueDental Traditional_Dental_SHOP.pdf