BMC HealthNet Plan - Platinum,82569MA0200001-01,2017,4281791f-ebaa-4dbd-869d-070e358deea6,BMC HealthNet Plan Platinum.pdf
BMC HealthNet Plan Bronze,82569MA0260001-01,2017,c81498b6-e8e5-4e20-a278-8b622af58a3a,BMC HealthNet Plan Bronze.pdf
BMC HealthNet Plan Silver A,82569MA0250001-01,2017,ae4ed088-af0a-4830-a5c4-88cd7d4433fe,BMC HealthNet Plan Silver A.pdf
BMC HealthNet Plan Silver B,82569MA0410001-01,2017,5faf8d44-0c70-44f4-ac4c-1ca4800bc450,BMC HealthNet Plan Silver B.pdf
BMC HealthPlan Gold,82569MA0230001-01,2017,c8763788-3a57-4716-a298-7e283c642b1b,BMC HealthPlan Gold.pdf
Community Care Silver Coinsurance 35%,88806MA0100002-01,2017,eb552330-284e-4544-a710-2e157444a45a,Community Care Silver Coinsurance 35.pdf
Direct Care Bronze Connector,88806MA0020052-01,2017,a4e49442-6b3b-432c-90a3-ee7d9504a592,Direct Care Bronze Connector.pdf
Direct Care Bronze Deductible 3000,88806MA0020051-01,2017,c7f4e820-b806-426a-acd4-79b3ff18aec5,Direct Care Bronze Deductible 3000.pdf
Direct Care Deductible Hybrid 2000,88806MA0020045-01,2017,b0834ba1-e153-4f39-a923-4d44e3f54e64,Direct Care Deductible Hybrid 2000.pdf
Direct Care Gold Connector A,88806MA0020005-01,2017,5fbe3ea8-2740-402a-b995-8125e2ff1e1e,Direct Care Gold Connector A.pdf
Direct Care Gold Connector B,88806MA0020006-01,2017,207f375f-52c5-4ce6-a386-3dc6a4eb2ebc,Direct Care Gold Connector B.pdf
Direct Care Platinum Connector,88806MA0020003-01,2017,fb886e43-cca0-451b-b649-9e6cb92defff,Direct Care Platinum Connector.pdf
Direct Care Silver Connector,88806MA0020008-01,2017,7abffab3-ba53-401e-9f34-3a2de0f3868a,Direct Care Silver Connector.pdf
HNE Essential 2000,34484MA0250002-01,2017,967e2a3b-e9ba-4fbb-b9f2-5280925bf636,HNE Essential 2000.pdf
HNE Gold A,34484MA0530001-01,2017,38124a26-3a1a-4e0a-9017-8ee86a836392,HNE Gold A.pdf
HNE Gold B,34484MA0540001-01,2017,6b2692f9-bd2f-4329-9419-9106094b4e73,HNE Gold B.pdf
HNE Platinum A,34484MA0510001-01,2017,120dd463-c73f-4807-8099-60d3899c93e8,HNE Platinum A.pdf
HNE Silver A,34484MA0560001-01,2017,0c47a738-f7e0-497e-ad52-e42409c4f89f,HNE Silver A.pdf
HNE Wise Max HDHP,34484MA1380002-01,2017,373f7966-8e9b-4544-9a87-63b2589e4682,HNE Wise Max HDHP.pdf
MyDoc HMO Bronze 2500,73331MA1040001-01,2017,68942261-7af6-47ca-a021-f76e21b19d63,MyDoc HMO Bronze 2500.pdf
MyDoc HMO Bronze Standard,73331MA1020001-01,2017,e06ad911-26b1-4cd2-9d7d-81e1d3ab2d9e,MyDoc HMO Bronze Standard.pdf
MyDoc HMO Gold Plus,73331MA0720001-01,2017,7184c69f-e39e-408b-ba47-0dbc80f2ff9f,MyDoc HMO Gold Plus.pdf
MyDoc HMO Platinum Basic,73331MA0140001-01,2017,d887c033-900e-443d-9bc8-55ae54046ef4,MyDoc HMO Platinum Basic.pdf
MyDoc HMO Platinum Extra Value,73331MA0980001-01,2017,5891161b-5264-4741-a01f-b72d8510daf2,MyDoc HMO Platinum Extra Value.pdf
MyDoc HMO Silver Basic,73331MA0190001-01,2017,b11aafcb-1588-4c38-ae9d-f3f3231d6294,MyDoc HMO Silver Basic.pdf
MyDoc HMO Silver Plus,73331MA0800001-01,2017,f1d32213-0832-40f1-8127-c4f1bad02243,MyDoc HMO Silver Plus.pdf
Select Care Bronze Connector,88806MA0040052-01,2017,f1b3d396-eaee-44fb-a5e6-024c02695257,Select Care Bronze Connector.pdf
Select Care Bronze Deductible 3000,88806MA0040051-01,2017,bdb956ce-5060-4590-87a0-32c134fa9ca2,Select Care Bronze Deductible 3000.pdf
Select Care Gold Connector A,88806MA0040005-01,2017,76d21ed4-c9f8-44a1-a0b4-7622cac48d86,Select Care Gold Connector A.pdf
Select Care Gold Connector B,88806MA0040006-01,2017,1ac30532-5879-4397-88e5-8a62ca4e582d,Select Care Gold Connector B.pdf
Select Care Platinum Connector,88806MA0040003-01,2017,a4cdb7b3-9373-451f-afca-e22487d36a36,Select Care Platinum Connector.pdf
Select Care Silver Coinsurance 35%,88806MA0040053-01,2017,ab91f013-045e-4ec1-a0d6-d422b6f299e3,Select Care Silver Coinsurance 35.pdf
Select Care Silver Connector,88806MA0040008-01,2017,c2bac982-bc49-4ca7-a662-5bc67ad22944,Select Care Silver Connector.pdf
